{"var_1": [10, 9, 12, 1, 4, 2, 8, 7, 11, 6, 5, 3], "var_2": [7, 15, 26, 17, 28, 30, 19, 38, 33, 12, 27, 4, 1, 5, 16, 3, 9, 39, 23, 22, 63, 31, 24, 6, 80, 2, 32, 18, 10, 34, 53, 20, 105, 72, 46], "var_3": [4, 2, 18, 38, 16, 9, 1, 6, 3, 19, 27, 22, 30], "var_4": [0, 1], "var_5": [0, 1], "var_6": [0, 1], "var_7": [2, 4, 3, 1], "var_8": [1, 0], "var_9": [-0.0, 6.3431309085, 12.686261817], "var_10": [-0.0, 4.0845837685, 8.169167537], "var_11": [0, 1], "var_12": [-0.0, 6.216228106, 3.108114053], "var_13": [0, 1], "var_14": [-0.0, 3.887955244, 7.775910488], "var_15": [0.0, 3.7306394235, 7.461278847], "var_16": [0.0, 2.7219723795, 5.443944759], "var_17": [0.0, 2.8859880545000003], "var_18": [1.5982218600000002, -0.0], "var_19": [1, 0], "var_20": [0, 1], "var_21": [1.8245719595, 0.0], "var_22": [1, 0], "var_23": [1, 3, 4, 2, 6, 8, 10, 7, 9, 5], "var_24": [1.809687201, 0.0], "var_25": [5, 4, 3, 6, 8, 7, 1, 9, 2], "var_26": [26, 18, 3, 8, 25, 12, 11, 16, 10, 23, 7, 1, 19, 4, 9, 13, 14, 17, 2, 21, 20, 5, 6, 15, 22, 24], "var_27": [5, 14, 9, 6, 15, 18, 13, 12, 1, 3, 11, 17, 20, 10, 16, 7, 8, 4, 2, 19], "var_28": [0, 1], "var_29": [0.0, 2.1417401985], "var_30": [0, 1], "var_31": [0, 1], "var_32": [0, 1], "label": [1, 0]}